<?xml version="1.0" encoding="UTF-8"?>
<LightningComponentBundle xmlns="http://soap.sforce.com/2006/04/metadata" fqn="accountRecordForm">
    <apiVersion>45.0</apiVersion>
    <isExposed>true</isExposed>
    <description> A Generic component to show or edit object records </description>
    <masterLabel> Generic Record Handler </masterLabel>
    <targets>
        <target>lightning__RecordPage</target>
        <target>lightning__AppPage</target>
        <target>lightning__HomePage</target>
        <target>lightningCommunity__Page</target>
        <target>lightningCommunity__Default</target>
    </targets>
    <targetConfigs>
        <targetConfig targets='lightning__AppPage, lightning__HomePage'>
            <property name="objectApiName" type='String' datasource='Account,Contact,Opportunity' default='Account'> </property>
        </targetConfig>
    </targetConfigs>
    
</LightningComponentBundle>